<simulation>
        <start_time>0</start_time>
        <end_time>900</end_time>
		<time_increment>10</time_increment>
		<time_stay>20</time_stay>
        <interval_between_stays>120</interval_between_stays>
		<mno>
        	<mno_name>MNO1</mno_name>
        	<prob_mobile_phone>0.35</prob_mobile_phone>
    </mno>
    <prob_sec_mobile_phone>0.15</prob_sec_mobile_phone>
		<movement_type>random_walk_closed_map_drift</movement_type>
		<connection_type>strength</connection_type>
		<conn_threshold>-85</conn_threshold>
		<grid_file>grid.csv</grid_file>
		<grid_dim_tile_x>250</grid_dim_tile_x>
		<grid_dim_tile_y>250</grid_dim_tile_y>
		<persons_file>persons.csv</persons_file>
		<antennas_file>antennas.csv</antennas_file>
		<random_seed>12</random_seed>
</simulation>